sample_nr,shape_log_rho,loc_log_rho,scale_log_rho
JT-02-1,0.022513671529874667,0.0,2.6619607068680122
