sample_nr,shape_log_rho,loc_log_rho,scale_log_rho
JT-01-1,0.006450574793024197,0.0,2.655734445281533
