sample_nr,shape_log_rho,loc_log_rho,scale_log_rho
JT-19-1,0.003520040714221956,0.0,2.7019400140657632
JT-19-2,0.003037624678266523,0.0,2.7075192271572015
