{"index":{"0":0,"1":7,"2":13,"3":18,"4":19,"5":24,"6":25,"7":26,"8":27,"9":28,"10":29,"11":30,"12":32,"13":33,"14":34,"15":35,"16":36,"17":37,"18":38,"19":39,"20":40,"21":41,"22":42,"23":43,"24":44,"25":45,"26":46,"27":47,"28":48,"29":49,"30":50,"31":51,"32":52,"33":53,"34":54,"35":55,"36":56,"37":57,"38":58,"39":59,"40":60,"41":61,"42":62,"43":63,"44":64,"45":65,"46":66,"47":67,"48":68,"49":69,"50":70,"51":71,"52":72,"53":73,"54":74,"55":75,"56":76,"57":77,"58":78,"59":79,"60":80,"61":81,"62":82,"63":83,"64":84,"65":85,"66":86,"67":87,"68":88,"69":89,"70":90,"71":91,"72":92,"73":93,"74":97,"75":98,"76":99,"77":100,"78":102,"79":104,"80":105,"81":106,"82":107,"83":108,"84":109,"85":110,"86":115},"# Tracks":{"0":76,"1":70,"2":81,"3":72,"4":70,"5":90,"6":78,"7":63,"8":63,"9":53,"10":44,"11":39,"12":82,"13":83,"14":74,"15":55,"16":62,"17":48,"18":37,"19":37,"20":76,"21":69,"22":75,"23":64,"24":60,"25":48,"26":36,"27":64,"28":82,"29":81,"30":70,"31":64,"32":45,"33":33,"34":83,"35":97,"36":67,"37":67,"38":47,"39":56,"40":31,"41":36,"42":83,"43":87,"44":66,"45":69,"46":56,"47":48,"48":49,"49":81,"50":102,"51":80,"52":72,"53":63,"54":48,"55":49,"56":47,"57":31,"58":81,"59":91,"60":83,"61":76,"62":77,"63":68,"64":53,"65":63,"66":44,"67":35,"68":80,"69":105,"70":86,"71":68,"72":83,"73":73,"74":86,"75":114,"76":87,"77":85,"78":59,"79":50,"80":33,"81":30,"82":77,"83":87,"84":83,"85":79,"86":86},"\u03b8":{"0":38.4017519667,"1":39.5694588937,"2":41.6548846279,"3":44.2577307398,"4":44.3924557733,"5":46.9447372801,"6":50.6155552839,"7":53.0019550805,"8":55.1215183426,"9":57.0825803019,"10":58.931704219,"11":60.6949588604,"12":49.3263653085,"13":55.9048018541,"14":59.5914948667,"15":62.6590062925,"16":65.3752164627,"17":67.8543514906,"18":70.1588635197,"19":72.3276434813,"20":51.092985959,"21":59.7370061926,"22":64.3436276973,"23":68.0905260562,"24":71.3576674059,"25":74.3058589816,"26":77.0222148637,"27":52.0308737237,"28":61.7487868867,"29":66.8360662422,"30":70.942287369,"31":74.5049236934,"32":77.7084617106,"33":80.6524804293,"34":52.0308737237,"35":61.7487868867,"36":66.8360662422,"37":70.942287369,"38":74.5049236934,"39":77.7084617106,"40":80.6524804293,"41":83.3982210946,"42":51.092985959,"43":59.7370061926,"44":64.3436276973,"45":68.0905260562,"46":71.3576674059,"47":74.3058589816,"48":77.0222148637,"49":49.3263653085,"50":55.9048018541,"51":59.5914948667,"52":62.6590062925,"53":65.3752164627,"54":67.8543514906,"55":70.1588635197,"56":72.3276434813,"57":74.3869846489,"58":46.9447372801,"59":50.6155552839,"60":53.0019550805,"61":55.1215183426,"62":57.0825803019,"63":58.931704219,"64":60.6949588604,"65":62.3890536902,"66":64.0256341705,"67":65.6132940299,"68":44.2577307398,"69":44.3924557733,"70":45.1468135958,"71":46.0791605539,"72":47.107183525,"73":48.1934972216,"74":41.6548846279,"75":37.9529640343,"76":36.7820914944,"77":36.272101471,"78":36.3207150665,"79":37.210125043,"80":37.8574518255,"81":38.6040846457,"82":39.5694588937,"83":32.3156731967,"84":29.0604737702,"85":26.8286216952,"86":38.4017519667},"\u03c6":{"0":153.3781658308,"1":157.2584628527,"2":159.9075062087,"3":160.9919053377,"4":175.1119474817,"5":160.5482067594,"6":172.7228692943,"7":178.5294560556,"8":182.9403942276,"9":186.5791777056,"10":189.7117146704,"11":192.4822165977,"12":158.8238263531,"13":168.0751421916,"14":172.3264238215,"15":175.523000249,"16":178.1529632393,"17":180.4202591013,"18":182.4334932556,"19":184.2584962289,"20":156.1564491876,"21":161.9174507059,"22":164.5217069347,"23":166.4776477471,"24":168.09146885,"25":169.4895922167,"26":170.7387284286,"27":152.9161216812,"28":154.8711858316,"29":155.750064297,"30":156.4109485298,"31":156.9578358237,"32":157.433442904,"33":157.8602339943,"34":149.4838783188,"35":147.5288141684,"36":146.649935703,"37":145.9890514702,"38":145.4421641763,"39":144.966557096,"40":144.5397660057,"41":144.1482898858,"42":146.2435508124,"43":140.4825492941,"44":137.8782930653,"45":135.9223522529,"46":134.30853115,"47":132.9104077833,"48":131.6612715714,"49":143.5761736469,"50":134.3248578084,"51":130.0735761785,"52":126.876999751,"53":124.2470367607,"54":121.9797408987,"55":119.9665067444,"56":118.1415037711,"57":116.4613667332,"58":141.8517932406,"59":129.6771307057,"60":123.8705439444,"61":119.4596057724,"62":115.8208222944,"63":112.6882853296,"64":109.9177834023,"65":107.4205267255,"66":105.1372559402,"67":103.0261205108,"68":141.4080946623,"69":127.2880525183,"70":120.0538199491,"71":114.3905222609,"72":109.6396768849,"73":105.5136373099,"74":142.4924937913,"75":128.191541294,"76":119.925530126,"77":112.9993366097,"78":101.4366167053,"79":91.9435678977,"80":87.7862137364,"81":83.9572019574,"82":145.1415371473,"83":133.7145740781,"84":125.8844505265,"85":118.4030211642,"86":149.0218341692},"d_topo":{"0":74.5906716355,"1":74.804611718,"2":76.9042975442,"3":79.1801146715,"4":80.1864469407,"5":80.6891542918,"6":86.5184264824,"7":91.9223537839,"8":96.3857578706,"9":101.550244493,"10":106.72207164,"11":111.3770520163,"12":81.6784220253,"13":90.5490194381,"14":98.5867758061,"15":105.9708718274,"16":113.4105641626,"17":120.7407506417,"18":127.626382312,"19":135.1437224116,"20":82.7894406991,"21":94.2959410303,"22":103.5972250039,"23":111.8077056819,"24":121.437460654,"25":131.4327678094,"26":141.8023169867,"27":83.5006960617,"28":95.5387467216,"29":105.7773484032,"30":116.9607788678,"31":131.2614630939,"32":150.0860310622,"33":167.4181261474,"34":83.5733637834,"35":96.0673686479,"36":108.7941142679,"37":122.4442879343,"38":139.3434481669,"39":161.9599170098,"40":199.6805397654,"41":279.0187705023,"42":83.62968739,"43":96.2776583631,"44":108.2479403534,"45":120.3873809549,"46":135.308157495,"47":150.994188452,"48":176.9610333965,"49":82.7231535101,"50":94.5100662715,"51":104.6340940865,"52":111.877871466,"53":119.5188010418,"54":128.2866040204,"55":139.4493674663,"56":153.8042369911,"57":173.4735413817,"58":81.1556549559,"59":90.0729753011,"60":95.2803828093,"61":99.8355338251,"62":105.1435566323,"63":110.141477023,"64":115.3436302377,"65":120.4463753578,"66":126.0709619081,"67":131.4588856877,"68":79.3178185434,"69":80.7142374966,"70":79.3267545942,"71":81.9076673014,"72":86.4398800065,"73":92.8865726518,"74":77.7122899351,"75":73.50749678,"76":74.0264807933,"77":75.5927331168,"78":81.3688173733,"79":90.9870328953,"80":94.8368473413,"81":99.2077333728,"82":76.1718870307,"83":72.0164561789,"84":73.0064905088,"85":75.4597242735,"86":75.0835968697},"ID":{"0":"d2_0","1":"d2_7","2":"d2_13","3":"d2_18","4":"d2_19","5":"d2_24","6":"d2_25","7":"d2_26","8":"d2_27","9":"d2_28","10":"d2_29","11":"d2_30","12":"d2_32","13":"d2_33","14":"d2_34","15":"d2_35","16":"d2_36","17":"d2_37","18":"d2_38","19":"d2_39","20":"d2_40","21":"d2_41","22":"d2_42","23":"d2_43","24":"d2_44","25":"d2_45","26":"d2_46","27":"d2_47","28":"d2_48","29":"d2_49","30":"d2_50","31":"d2_51","32":"d2_52","33":"d2_53","34":"d2_54","35":"d2_55","36":"d2_56","37":"d2_57","38":"d2_58","39":"d2_59","40":"d2_60","41":"d2_61","42":"d2_62","43":"d2_63","44":"d2_64","45":"d2_65","46":"d2_66","47":"d2_67","48":"d2_68","49":"d2_69","50":"d2_70","51":"d2_71","52":"d2_72","53":"d2_73","54":"d2_74","55":"d2_75","56":"d2_76","57":"d2_77","58":"d2_78","59":"d2_79","60":"d2_80","61":"d2_81","62":"d2_82","63":"d2_83","64":"d2_84","65":"d2_85","66":"d2_86","67":"d2_87","68":"d2_88","69":"d2_89","70":"d2_90","71":"d2_91","72":"d2_92","73":"d2_93","74":"d2_97","75":"d2_98","76":"d2_99","77":"d2_100","78":"d2_102","79":"d2_104","80":"d2_105","81":"d2_106","82":"d2_107","83":"d2_108","84":"d2_109","85":"d2_110","86":"d2_115"},"Materials":{"0":"Rock Ice ","1":"Rock Ice ","2":"Rock Ice ","3":"Rock Ice ","4":"Rock Ice ","5":"Rock Ice ","6":"Rock Ice ","7":"Rock Ice ","8":"Rock Ice ","9":"Rock Ice ","10":"Rock Ice ","11":"Rock Ice ","12":"Rock Ice ","13":"Rock Ice ","14":"Rock Ice ","15":"Rock Ice ","16":"Rock Ice ","17":"Rock Ice ","18":"Rock Ice ","19":"Rock Ice ","20":"Rock Ice ","21":"Rock Ice ","22":"Rock Ice ",