sample_nr,shape_log_rho,loc_log_rho,scale_log_rho
JT-01-1,0.0023190686338903535,0,2.713680010241984
JT-01-2,0.0023102104722837334,0,2.713611525475697
