sample_nr,shape_log_rho,loc_log_rho,scale_log_rho
JT-22-1,0.0016522376018276214,0,2.7537564667263195
JT-22-2,0.00168389537591006,0,2.691785469509779
