sample_nr,shape_log_rho,loc_log_rho,scale_log_rho
JT-23-1,0.0035224590672586773,0,2.7426358115988463
JT-23-2,0.0015173423883937235,0,2.756600064965862
