{"index":{"0":0,"1":1,"2":53,"3":54,"4":57,"5":58,"6":59,"7":60,"8":61,"9":63,"10":64,"11":65,"12":66,"13":67,"14":69,"15":70,"16":71,"17":72,"18":75,"19":76,"20":77,"21":78,"22":167,"23":168,"24":169,"25":172,"26":173,"27":174,"28":175,"29":176,"30":177,"31":178,"32":179,"33":180,"34":181,"35":182,"36":183,"37":184,"38":185,"39":186,"40":187,"41":188,"42":189,"43":190,"44":191,"45":192,"46":193,"47":194,"48":195,"49":196,"50":197,"51":198,"52":199,"53":200,"54":201,"55":202,"56":203,"57":204,"58":205,"59":206,"60":207,"61":265,"62":266,"63":267,"64":268,"65":269,"66":270,"67":273,"68":274,"69":281,"70":282,"71":283,"72":291,"73":292,"74":293,"75":294,"76":295,"77":296},"# Tracks":{"0":31,"1":30,"2":35,"3":36,"4":59,"5":49,"6":40,"7":37,"8":40,"9":79,"10":60,"11":48,"12":39,"13":32,"14":75,"15":63,"16":49,"17":43,"18":81,"19":64,"20":38,"21":39,"22":57,"23":48,"24":47,"25":67,"26":63,"27":47,"28":45,"29":40,"30":34,"31":30,"32":86,"33":76,"34":69,"35":70,"36":64,"37":40,"38":42,"39":35,"40":32,"41":82,"42":87,"43":89,"44":93,"45":72,"46":83,"47":62,"48":47,"49":44,"50":39,"51":74,"52":102,"53":101,"54":118,"55":101,"56":95,"57":101,"58":81,"59":79,"60":60,"61":84,"62":48,"63":32,"64":72,"65":46,"66":45,"67":48,"68":48,"69":60,"70":66,"71":52,"72":77,"73":72,"74":56,"75":48,"76":49,"77":37},"\u03b8":{"0":38.3018243789,"1":28.7671590637,"2":28.7671590637,"3":23.8774404927,"4":23.9758101749,"5":20.1188258153,"6":16.8823381445,"7":14.119176473,"8":11.7895836946,"9":32.3156731967,"10":29.0604737702,"11":26.8286216952,"12":25.257507894,"13":24.1923957275,"14":37.9529640343,"15":36.7820914944,"16":36.272101471,"17":36.1588121753,"18":45.1468135958,"19":46.0791605539,"20":47.107183525,"21":48.1934972216,"22":24.1923957275,"23":23.5440075049,"24":23.248861117,"25":23.9758101749,"26":20.1188258153,"27":16.8823381445,"28":14.119176473,"29":11.7895836946,"30":9.9269104906,"31":8.6257619707,"32":37.8021913013,"33":28.2706605122,"34":23.3857873321,"35":19.5383621631,"36":16.3177486718,"37":13.5813468761,"38":11.297463082,"39":9.5122055663,"40":8.3339613816,"41":38.9728530747,"42":31.7438536824,"43":28.5191473316,"44":26.32612209,"45":24.8019424277,"46":23.79087964,"47":23.2019356261,"48":22.9694064985,"49":23.0389134297,"50":23.3625336652,"51":41.0618823398,"52":37.40132038,"53":36.2704261549,"54":35.8022508078,"55":35.7314738526,"56":35.935665312,"57":36.3431271544,"58":36.9064890378,"59":37.5921811035,"60":38.3753551171,"61":46.3527841328,"62":50.0577438883,"63":52.4694308435,"64":43.6665661483,"65":43.8444881927,"66":44.6341495187,"67":37.40132038,"68":36.2704261549,"69":38.9728530747,"70":31.7438536824,"71":28.5191473316,"72":37.8021913013,"73":28.2706605122,"74":23.3857873321,"75":19.5383621631,"76":16.3177486718,"77":13.5813468761},"\u03c6":{"0":206.7829747211,"1":211.3305977465,"2":197.8694022535,"3":194.2195734746,"4":161.5398952547,"5":165.6521956924,"6":170.6451239754,"7":176.9792723788,"8":185.2636484366,"9":168.6854259219,"10":176.5155494735,"11":183.9969788358,"12":191.3835132198,"13":198.6964583923,"14":174.208458706,"15":182.474469874,"16":189.4006633903,"17":195.4938826264,"18":182.3461800509,"19":188.0094777391,"20":192.7603231151,"21":196.8863626901,"22":103.7035416077,"23":96.5266880135,"24":89.5794251762,"25":140.8601047453,"26":136.7478043076,"27":131.7548760246,"28":125.4207276212,"29":117.1363515634,"30":106.1757125734,"31":92.0434306799,"32":92.9074426649,"33":97.53930923,"34":101.2883690219,"35":105.5733979188,"36":110.8264264244,"37":117.5582460105,"38":126.4446749198,"39":138.2566272931,"40":153.3740588138,"41":96.8364085687,"42":108.4759187038,"43":116.4864885098,"44":124.1523914174,"45":131.7197772554,"46":139.1983109966,"47":146.5139578153,"48":153.5648724684,"49":160.2540403793,"50":166.508391632,"51":99.5112995044,"52":114.0140519313,"53":122.3975700991,"54":129.4135765127,"55":135.5747566489,"56":141.0937707329,"57":146.0896174675,"58":150.6417404935,"59":154.8094943026,"60":158.6404116786,"61":81.2593346918,"62":68.9938767339,"63":63.1602218153,"64":80.8017170343,"65":66.5360060744,"66":59.2408875345,"67":67.3859480687,"68":59.0024299009,"69":84.5635914313,"70":72.9240812962,"71":64.9135114902,"72":88.4925573351,"73":83.86069077,"74":80.1116309781,"75":75.8266020812,"76":70.5735735756,"77":63.8417539895},"d_topo":{"0":120.1791283874,"1":121.3345377289,"2":114.3228451409,"3":114.8319444489,"4":76.3471905355,"5":82.6067955443,"6":90.4008558249,"7":99.2332025276,"8":106.3486184695,"9":73.9844036886,"10":82.8462681063,"11":90.9629783128,"12":95.9055824196,"13":101.1277087266,"14":76.2562254026,"15":84.584917173,"16":89.3054055793,"17":96.537419207,"18":82.8397981321,"19":87.807424034,"20":97.9962434537,"21":111.7923098572,"22":81.7679259443,"23":84.9914495517,"24":88.6399130148,"25":73.7558792993,"26":77.0167000801,"27":81.9608437654,"28":87.9821131406,"29":92.987532291,"30":96.3449454336,"31":98.9482864406,"32":70.7899731611,"33":77.4054273878,"34":79.5159339443,"35":80.2076977987,"36":83.7291498088,"37":90.0773137482,"38":96.1896331106,"39":101.8218795147,"40":112.1616454216,"41":68.3674649859,"42":70.4129528686,"43":71.2819729287,"44":70.3472286539,"45":71.6374804023,"46":74.6576354006,"47":78.2574232238,"48":82.2236269643,"49":86.3654561143,"50":90.8187883419,"51":66.6804972863,"52":66.098172509,"53":64.9338542955,"54":63.8855195229,"55":63.8972208266,"56":65.2739089763,"57":66.9800203341,"58":69.397026743,"59":71.4821826273,"60":73.1380492344,"61":76.7903409152,"62":97.9715655881,"63":117.8718090769,"64":77.6835202432,"65":93.5959908955,"66":103.4031412539,"67":95.1066191056,"68":103.5875920921,"69":73.9393223823,"70":91.6038088413,"71":102.1963677919,"72":72.2539500268,"73":84.1450096813,"74":91.175723641,"75":95.9773814969,"76":99.2053769373,"77":103.9851359159},"ID":{"0":"d1_0","1":"d1_1","2":"d1_53","3":"d1_54","4":"d2_2","5":"d2_3","6":"d2_4","7":"d2_5","8":"d2_6","9":"d2_8","10":"d2_9","11":"d2_10","12":"d2_11","13":"d2_12","14":"d2_14","15":"d2_15","16":"d2_16","17":"d2_17","18":"d2_20","19":"d2_21","20":"d2_22","21":"d2_23","22":"d2_112","23":"d2_113","24":"d2_114","25":"d2_117","26":"d2_118","27":"d2_119","28":"d2_120","29":"d2_121","30":"d2_122","31":"d2_123","32":"d3_0","33":"d3_1","34":"d3_2","35":"d3_3","36":"d3_4","37":"d3_5","38":"d3_6","39":"d3_7","40":"d3_8","41":"d3_9","42":"d3_10","43":"d3_11","44":"d3_12","45":"d3_13","46":"d3_14","47":"d3_15","48":"d3_16","49":"d3_17","50":"d3_18","51":"d3_19","52":"d3_20","53":"d3_21","54":"d3_22","55":"d3_23","56":"d3_24","57":"d3_25","58":"d3_26","59":"d3_27","60":"d3_28","61":"d3_86","62":"d3_87","63":"d3_88","64":"d3_89","65":"d3_90","66":"d3_91","67":"d3_94","68":"d3_95","69":"d3_102","70":"d3_103","71":"d3_104","72":"d3_112","73":"d3_113","74":"d3_114","75":"d3_115","76":"d3_116","77":"d3_117"},"Materials":{"0":"Rock ","1":"Rock ","2":"Rock ","3":"Rock ","4":"Rock ","5":"Rock ","6":"Rock ","7":"Rock ","8":"Rock ","9":"Rock ","10":"Rock ","11":"Rock ","12":"Rock ","13":"Rock ","14":"Rock ","15":"Rock ","16":"Rock ","17":"Rock ","18":"Rock ","19":"Rock ","20":"Rock ","21":"Rock ","22":"Rock ","23":"Rock ","24":"Rock ","25":"Rock ","26":"Rock ","27":"Rock ","28":"Rock ","29":"Rock ","30":"Rock ","31":"Rock ","32":"Rock ","33":"Rock ","34":"Rock ","35":"Rock ","36":"Rock ","37":"Rock ","38":"Rock ","39":"Rock ","40":"Rock ","41":"Rock ","42":"Rock ","43":"Rock ","44":"Rock ","45":"Rock ","46":"Rock ","47":"Rock ","48":"Rock ","49":"Rock ","50":"Rock ","51":"Rock ","52":"Rock ","53":"Rock ","54":"Rock ","55":"Rock ","56":"Rock ","57":"Rock ","58":"Rock ","59":"Rock ","60":"Rock ","61":"Rock ","62":"Rock ","63":"Rock ","64":"Rock ","65":"Rock ","66":"Rock ","67":"Rock ","68":"Rock ","69":"Rock ","70":"Rock ","71":"Rock ","72":"Rock ","73":"Rock ","74":"Rock ","75":"Rock ","76":"Rock ","77":"Rock "}}