{"index":{"0":66,"1":67},"# Tracks":{"0":33,"1":22},"\u03b8":{"0":66.736381638,"1":70.842700912},"\u03c6":{"0":200.0465320793,"1":199.3859041651},"d_topo":{"0":175.0127374264,"1":193.6446987826},"ID":{"0":"d1_66","1":"d1_67"},"Materials":{"0":"Rock Ice ","1":"Rock Ice "}}