sample_nr,shape_log_rho,loc_log_rho,scale_log_rho
JT-24-1,0.0020909596642016584,0,2.759961140680331
JT-24-2,0.0019683293240286563,0,2.7376633700610693
