{"index":{"0":31,"1":33,"2":35,"3":36,"4":37,"5":38,"6":39,"7":40,"8":41,"9":42,"10":43,"11":44,"12":45,"13":46,"14":47,"15":48,"16":49,"17":50,"18":51,"19":52,"20":53,"21":54,"22":55,"23":56,"24":57,"25":58,"26":59,"27":60,"28":61,"29":62,"30":63,"31":64,"32":65,"33":66,"34":67,"35":68,"36":70,"37":71,"38":72,"39":73,"40":74,"41":75,"42":76,"43":77,"44":78,"45":79,"46":80,"47":81,"48":85},"# Tracks":{"0":126,"1":122,"2":110,"3":96,"4":81,"5":70,"6":105,"7":117,"8":136,"9":129,"10":105,"11":87,"12":90,"13":78,"14":87,"15":79,"16":87,"17":114,"18":116,"19":110,"20":92,"21":98,"22":79,"23":75,"24":64,"25":53,"26":98,"27":75,"28":91,"29":100,"30":77,"31":71,"32":42,"33":51,"34":82,"35":108,"36":69,"37":57,"38":50,"39":87,"40":76,"41":78,"42":62,"43":42,"44":87,"45":67,"46":31,"47":39,"48":36},"\u03b8":{"0":44.6341495187,"1":46.6595264975,"2":48.9281328776,"3":50.1039915377,"4":51.2952439436,"5":52.496410094,"6":46.3527841328,"7":50.0577438883,"8":52.4694308435,"9":54.6118665212,"10":56.5940659177,"11":58.4629565655,"12":60.2448520835,"13":61.9566423207,"14":63.610112471,"15":65.2139681063,"16":48.7317171743,"17":55.3308194091,"18":59.0320646668,"19":62.1125421272,"20":64.8406882372,"21":67.3310099097,"22":69.6461350578,"23":71.8250764619,"24":73.8942173435,"25":75.8724498596,"26":50.4952487353,"27":59.1475366253,"28":63.7598537922,"29":67.5118187087,"30":70.783643964,"31":73.7362576895,"32":76.4568478064,"33":78.999216772,"34":51.4311450668,"35":61.150025125,"36":70.3447762073,"37":73.907959711,"38":77.1120172739,"39":51.4311450668,"40":61.150025125,"41":66.2379657706,"42":70.3447762073,"43":73.907959711,"44":50.4952487353,"45":59.1475366253,"46":63.7598537922,"47":67.5118187087,"48":62.1125421272},"\u03c6":{"0":122.1591124655,"1":132.634398281,"2":140.4435375144,"3":143.7457269686,"4":146.7525195496,"5":149.5158916354,"6":100.1406653082,"7":112.4061232661,"8":118.2397781847,"9":122.6632058674,"10":126.3068090259,"11":129.4394629557,"12":132.206961274,"13":134.6990382325,"14":136.9755584229,"15":139.0787796912,"16":98.3932653363,"17":107.6947319603,"18":111.9551414608,"19":115.15259843,"20":117.7794298134,"21":120.0412569878,"22":122.0475180108,"23":123.8645108434,"24":125.5358839718,"25":127.0921185399,"26":95.6989180955,"27":101.4835288956,"28":104.0891498223,"29":106.0422964226,"30":107.6513605663,"31":109.0435865443,"32":110.2860732713,"33":111.4191947542,"34":92.4303554584,"35":94.3921489863,"36":95.9301275833,"37":96.4748871166,"38":96.9480099984,"39":88.9696445416,"40":87.0078510137,"41":86.1292289165,"42":85.4698724167,"43":84.9251128834,"44":85.7010819045,"45":79.9164711044,"46":77.3108501777,"47":75.3577035774,"48":66.24740157},"d_topo":{"0":63.6452989961,"1":64.9968936726,"2":66.8490728699,"3":67.7533915933,"4":68.8544073204,"5":70.2855415908,"6":65.7102552901,"7":69.1287466736,"8":70.6170801142,"9":71.4190126342,"10":72.683112049,"11":74.5438592602,"12":76.6675486678,"13":79.2693393636,"14":81.5964097023,"15":84.0801705314,"16":68.677586412,"17":75.3090290894,"18":77.3381167986,"19":80.7256926424,"20":84.0817187092,"21":87.2836606216,"22":92.2138413816,"23":97.4911844388,"24":101.1675761543,"25":107.9513215501,"26":73.0203638395,"27":82.900521484,"28":90.8523567096,"29":99.6312983375,"30":110.2590793098,"31":123.1629756636,"32":138.7725905976,"33":159.6610666211,"34":76.3480513017,"35":94.1903155952,"36":126.2640858952,"37":140.4807168977,"38":161.5283201722,"39":77.6198473041,"40":91.140215298,"41":111.9631615494,"42":134.2407765921,"43":158.3856988212,"44":76.8355438133,"45":91.9176358169,"46":132.7087709823,"47":142.4329324605,"48":149.8158519384},"ID":{"0":"d3_31","1":"d3_33","2":"d3_35","3":"d3_36","4":"d3_37","5":"d3_38","6":"d3_39","7":"d3_40","8":"d3_41","9":"d3_42","10":"d3_43","11":"d3_44","12":"d3_45","13":"d3_46","14":"d3_47","15":"d3_48","16":"d3_49","17":"d3_50","18":"d3_51","19":"d3_52","20":"d3_53","21":"d3_54","22":"d3_55","23":"d3_56","24":"d3_57","25":"d3_58","26":"d3_59","27":"d3_60","28":"d3_61","29":"d3_62","30":"d3_63","31":"d3_64","32":"d3_65","33":"d3_66","34":"d3_67","35":"d3_68","36":"d3_70","37":"d3_71","38":"d3_72","39":"d3_73","40":"d3_74","41":"d3_75","42":"d3_76","43":"d3_77","44":"d3_78","45":"d3_79","46":"d3_80","47":"d3_81","48":"d3_85"},"Materials":{"0":"Rock Ice ","1":"Rock Ice ","2":"Rock Ice ","3":"Rock Ice ","4":"Rock Ice ","5":"Rock Ice ","6":"Rock Ice ","7":"Rock Ice ","8":"Rock Ice ","9":"Rock Ice ","10":"Rock Ice ","11":"Rock Ice ","12":"Rock Ice ","13":"Rock Ice ","14":"Rock Ice ","15":"Rock Ice ","16":"Rock Ice ","17":"Rock Ice ","18":"Rock Ice ","19":"Rock Ice ","20":"Rock Ice ","21":"Rock Ice ","22":"Rock Ice ","23":"Rock Ice ","24":"Rock Ice ","25":"Rock Ice ","26":"Rock Ice ","27":"Rock Ice ","28":"Rock Ice ","29":"Rock Ice ","30":"Rock Ice ","31":"Rock Ice ","32":"Rock Ice ","33":"Rock Ice ","34":"Rock Ice ","35":"Rock Ice ","36":"Rock Ice ","37":"Rock Ice ","38":"Rock Ice ","39":"Rock Ice ","40":"Rock Ice ","41":"Rock Ice ","42":"Rock Ice ","43":"Rock Ice ","44":"Rock Ice ","45":"Rock Ice ","46":"Rock Ice ","47":"Rock Ice ","48":"Rock Ice "}}