{"Name": "water_ice", "Formula": NaN, "Z": NaN, "A": -1.0, "Density": 0.918, "I": 79.7, "Cbar": 3.5017, "x0": 0.24, "x1": 2.8004, "a": 0.09116, "k": 3.4773, "dlt0": 0.0, "Type": "I", "Z/A": 0.55509, "Constituents": [[1, 0.111894], [8, 0.888106]]}