{"# Tracks":{"0":31.0,"1":30.0,"2":33.0,"3":34.0,"4":34.0,"5":33.0,"6":30.0,"7":52.0,"8":32.0,"9":41.0,"10":46.0,"11":38.0,"12":45.0,"13":40.0,"14":38.0,"15":40.0,"16":50.0,"17":59.0,"18":48.0,"19":55.0,"20":34.0,"21":43.0,"22":51.0,"23":48.0,"24":34.0,"25":36.0,"26":47.0,"27":33.0,"28":52.0,"29":54.0,"30":41.0,"31":50.0,"32":49.0,"33":43.0,"34":36.0,"35":56.0,"36":48.0,"37":40.0,"38":44.0,"39":40.0,"40":54.0,"41":44.0,"42":53.0,"43":34.0,"44":42.0,"45":33.0,"46":45.0,"47":41.0,"48":35.0,"49":41.0,"50":41.0,"51":33.0,"52":33.0,"53":35.0,"54":36.0},"\u03b8":{"0":38.3018243789,"1":28.7671590637,"2":36.2561898016,"3":51.9309186376,"4":61.6489922848,"5":66.736381638,"6":50.9933604201,"7":59.6387523369,"8":71.2619842111,"9":49.2272505856,"10":55.8091128802,"11":59.4982227915,"12":62.5678901603,"13":65.2860868029,"14":67.7670850181,"15":46.8460674962,"16":50.5225378251,"17":52.913130834,"18":55.0364911631,"19":57.0010654447,"20":58.8534765502,"21":60.6198333194,"22":62.3168747568,"23":63.9562692262,"24":65.5466288025,"25":44.1591901427,"26":44.3010535041,"27":45.0612518198,"28":45.9991275513,"29":47.0323934985,"30":48.1236786785,"31":49.2523374551,"32":50.4057374606,"33":51.5756561857,"34":52.7565237119,"35":41.5560394756,"36":37.8609364543,"37":36.6966540041,"38":36.193562078,"39":36.0872937987,"40":36.2561898016,"41":36.6291163375,"42":37.1590903956,"43":37.8127873244,"44":38.5654949989,"45":32.2203063477,"46":28.970105921,"47":26.7446129628,"48":25.181186964,"49":24.1249380215,"50":23.4863173758,"51":23.2014878484,"52":23.2180448965,"53":28.7671590637,"54":23.8774404927},"\u03c6":{"0":206.7829747211,"1":211.3305977465,"2":254.4674291321,"3":202.8815353572,"4":200.9253647056,"5":200.0465320793,"6":199.6365602565,"7":193.8716715916,"8":187.6986990195,"9":196.9647444901,"10":187.705160918,"11":183.4523732431,"12":180.2556533743,"13":177.6262111066,"14":175.3598235801,"15":195.2365782184,"16":183.0469420859,"17":177.2358741388,"18":172.8228588126,"19":169.1832652989,"20":166.0506967143,"21":163.2806807018,"22":160.7842715478,"23":158.5021098425,"24":156.3922776278,"25":194.7905956434,"26":180.6465504533,"27":173.4022467155,"28":167.7327025209,"29":162.9779264518,"30":158.8495337374,"31":155.1863063978,"32":151.8858023693,"33":148.8775309434,"34":146.1102762893,"35":195.8754289822,"36":181.5412929342,"37":173.2559125973,"38":166.3148630234,"39":160.2103501397,"40":154.7325708679,"41":149.7649381617,"42":145.2302078834,"43":141.0710140609,"44":137.2415740996,"45":187.0669238334,"46":179.2072475821,"47":171.6955715526,"48":164.2792926732,"49":156.9389659839,"50":149.7389692755,"51":142.7741985885,"52":136.1389072859,"53":197.8694022535,"54":194.2195734746}}