sample_nr,shape_log_rho,loc_log_rho,scale_log_rho
JT-02-1,0.022188748550703123,0.0,2.6623389016039924
