sample_nr,shape_log_rho,loc_log_rho,scale_log_rho
JT-01-1,0.006475162517708244,0.0,2.6556352872109956
