sample_nr,shape_log_rho,loc_log_rho,scale_log_rho
JT-19-1,0.003529100517258658,0.0,2.7018792530543934
JT-19-2,0.0030094542673310388,0.0,2.7073740646278197
