{"index":{"0":3,"1":4,"2":5,"3":6,"4":7,"5":8,"6":9,"7":10,"8":11,"9":12,"10":13,"11":14,"12":15,"13":16,"14":17,"15":18,"16":19,"17":20,"18":21,"19":22,"20":23,"21":24,"22":25,"23":26,"24":27,"25":28,"26":30,"27":31,"28":32,"29":33,"30":34,"31":35,"32":36,"33":37,"34":38,"35":39,"36":40,"37":41,"38":43,"39":44,"40":45,"41":46,"42":47,"43":48,"44":49,"45":50,"46":51,"47":52},"# Tracks":{"0":34,"1":34,"2":33,"3":30,"4":52,"5":32,"6":41,"7":46,"8":38,"9":45,"10":40,"11":38,"12":40,"13":50,"14":59,"15":48,"16":55,"17":34,"18":43,"19":51,"20":48,"21":34,"22":36,"23":47,"24":33,"25":52,"26":41,"27":50,"28":49,"29":43,"30":36,"31":56,"32":48,"33":40,"34":44,"35":40,"36":54,"37":44,"38":34,"39":42,"40":33,"41":45,"42":41,"43":35,"44":41,"45":41,"46":33,"47":33},"\u03b8":{"0":51.9309186376,"1":61.6489922848,"2":66.736381638,"3":50.9933604201,"4":59.6387523369,"5":71.2619842111,"6":49.2272505856,"7":55.8091128802,"8":59.4982227915,"9":62.5678901603,"10":65.2860868029,"11":67.7670850181,"12":46.8460674962,"13":50.5225378251,"14":52.913130834,"15":55.0364911631,"16":57.0010654447,"17":58.8534765502,"18":60.6198333194,"19":62.3168747568,"20":63.9562692262,"21":65.5466288025,"22":44.1591901427,"23":44.3010535041,"24":45.0612518198,"25":45.9991275513,"26":48.1236786785,"27":49.2523374551,"28":50.4057374606,"29":51.5756561857,"30":52.7565237119,"31":41.5560394756,"32":37.8609364543,"33":36.6966540041,"34":36.193562078,"35":36.0872937987,"36":36.2561898016,"37":36.6291163375,"38":37.8127873244,"39":38.5654949989,"40":32.2203063477,"41":28.970105921,"42":26.7446129628,"43":25.181186964,"44":24.1249380215,"45":23.4863173758,"46":23.2014878484,"47":23.2180448965},"\u03c6":{"0":202.8815353572,"1":200.9253647056,"2":200.0465320793,"3":199.6365602565,"4":193.8716715916,"5":187.6986990195,"6":196.9647444901,"7":187.705160918,"8":183.4523732431,"9":180.2556533743,"10":177.6262111066,"11":175.3598235801,"12":195.2365782184,"13":183.0469420859,"14":177.2358741388,"15":172.8228588126,"16":169.1832652989,"17":166.0506967143,"18":163.2806807018,"19":160.7842715478,"20":158.5021098425,"21":156.3922776278,"22":194.7905956434,"23":180.6465504533,"24":173.4022467155,"25":167.7327025209,"26":158.8495337374,"27":155.1863063978,"28":151.8858023693,"29":148.8775309434,"30":146.1102762893,"31":195.8754289822,"32":181.5412929342,"33":173.2559125973,"34":166.3148630234,"35":160.2103501397,"36":154.7325708679,"37":149.7649381617,"38":141.0710140609,"39":137.2415740996,"40":187.0669238334,"41":179.2072475821,"42":171.6955715526,"43":164.2792926732,"44":156.9389659839,"45":149.7389692755,"46":142.7741985885,"47":136.1389072859},"d_topo":{"0":128.3628315591,"1":153.2159422157,"2":175.0127374264,"3":126.1266018534,"4":139.3017197986,"5":176.8002417219,"6":121.8851203642,"7":130.1977454837,"8":135.9773249711,"9":142.6418589034,"10":151.826291528,"11":160.2693583655,"12":114.4955568294,"13":122.8309982673,"14":126.6475433772,"15":131.4473212554,"16":133.9776451611,"17":136.8316267561,"18":140.4863117083,"19":145.6635000936,"20":151.4665029523,"21":158.0749984414,"22":111.3188035592,"23":109.2130409123,"24":111.1936599463,"25":112.9426414426,"26":116.2939729526,"27":118.8464333028,"28":120.6892835047,"29":122.192366611,"30":123.7672860664,"31":110.5800326852,"32":107.456446715,"33":110.0106172959,"34":111.8181854132,"35":111.9218447987,"36":109.7918134103,"37":108.0565975042,"38":108.1299299262,"39":107.8005833609,"40":108.1624727142,"41":107.9874583396,"42":109.0905978209,"43":110.4849548587,"44":111.8403478104,"45":112.3034304389,"46":111.3323186949,"47":109.8067620944},"ID":{"0":"d1_3","1":"d1_4","2":"d1_5","3":"d1_6","4":"d1_7","5":"d1_8","6":"d1_9","7":"d1_10","8":"d1_11","9":"d1_12","10":"d1_13","11":"d1_14","12":"d1_15","13":"d1_16","14":"d1_17","15":"d1_18","16":"d1_19","17":"d1_20","18":"d1_21","19":"d1_22","20":"d1_23","21":"d1_24","22":"d1_25","23":"d1_26","24":"d1_27","25":"d1_28","26":"d1_30","27":"d1_31","28":"d1_32","29":"d1_33","30":"d1_34","31":"d1_35","32":"d1_36","33":"d1_37","34":"d1_38","35":"d1_39","36":"d1_40","37":"d1_41","38":"d1_43","39":"d1_44","40":"d1_45","41":"d1_46","42":"d1_47","43":"d1_48","44":"d1_49","45":"d1_50","46":"d1_51","47":"d1_52"},"Materials":{"0":"Rock Ice ","1":"Rock Ice ","2":"Rock Ice ","3":"Rock Ice ","4":"Rock Ice ","5":"Rock Ice ","6":"Rock Ice ","7":"Rock Ice ","8":"Rock Ice ","9":"Rock Ice ","10":"Rock Ice ","11":"Rock Ice ","12":"Rock Ice ","13":"Rock Ice ","14":"Rock Ice ","15":"Rock Ice ","16":"Rock Ice ","17":"Rock Ice ","18":"Rock Ice ","19":"Rock Ice ","20":"Rock Ice ","21":"Rock Ice ","22":"Rock Ice ","23":"Rock Ice ","24":"Rock Ice ","25":"Rock Ice ","26":"Rock Ice ","27":"Rock Ice ","28":"Rock Ice ","29":"Rock Ice ","30":"Rock Ice ","31":"Rock Ice ","32":"Rock Ice ","33":"Rock Ice ","34":"Rock Ice ","35":"Rock Ice ","36":"Rock Ice ","37":"Rock Ice ","38":"Rock Ice ","39":"Rock Ice ","40":"Rock Ice ","41":"Rock Ice ","42":"Rock Ice ","43":"Rock Ice ","44":"Rock Ice ","45":"Rock Ice ","46":"Rock Ice ","47":"Rock Ice "}}