sample_nr,shape_log_rho,loc_log_rho,scale_log_rho
JT-19-1,0.0015316831363067823,0,2.732582489528625
