sample_nr,shape_log_rho,loc_log_rho,scale_log_rho
JT-22-1,0.0015654854039347018,0,2.7414277668825133
