sample_nr,shape_log_rho,loc_log_rho,scale_log_rho
JT-23-1,0.0013291580144156215,0,2.7183259582167043
