sample_nr,shape_log_rho,loc_log_rho,scale_log_rho
JT-21-1,0.0012436510121024995,0,2.7672290537952104
