sample_nr,shape_log_rho,loc_log_rho,scale_log_rho
JT-28-1,0.0015196471773966079,0,2.752707139367194
