sample_nr,shape_log_rho,loc_log_rho,scale_log_rho
JT-20-1,0.0015856274587794776,0,2.7882116237020793
