sample_nr,shape_log_rho,loc_log_rho,scale_log_rho
JT-24-1,0.0014166365123550904,0,2.7480820267042745
