sample_nr,shape_log_rho,loc_log_rho,scale_log_rho
JT-25-1,0.0013826980418336072,0,2.734152308218935
