sample_nr,shape_log_rho,loc_log_rho,scale_log_rho
JT-27-1,0.0013912434700422294,0,2.7493720128001145
JT-27-2,0.0012074671759666077,0,2.7377888501595287
