sample_nr,shape_log_rho,loc_log_rho,scale_log_rho
JT-26-1,0.0014565086086981926,0,2.7367297589865918
