sample_nr,shape_log_rho,loc_log_rho,scale_log_rho
SX-03-1,0.0010064433431738516,0,2.71368719224754
