sample_nr,shape_log_rho,loc_log_rho,scale_log_rho
SX-04-1,0.0010931512965064148,0,2.752247991839189
